,url
0,https://www.youtube.com/watch?v=wjIes1eGAw4
1,https://www.youtube.com/watch?v=8DqF4UvAiAA
2,https://www.youtube.com/watch?v=Z20XccK1GGw
3,https://www.youtube.com/watch?v=_CTUs_2hq6Y
4,https://www.youtube.com/watch?v=bLRKbwtSFfE
5,https://www.youtube.com/watch?v=4gX_p1VkgA4
6,https://www.youtube.com/watch?v=iKUwMUjavP4
7,https://www.youtube.com/watch?v=p3YdcQg7cE8
8,https://www.youtube.com/watch?v=XGGWhOUYObc
9,https://www.youtube.com/watch?v=qIF8xvSA0Gw
10,https://www.youtube.com/watch?v=9ULLQA4Yv5c
11,https://www.youtube.com/watch?v=_ftNS7EFysY
12,https://www.youtube.com/watch?v=GKmkErTYXYI
13,https://www.youtube.com/watch?v=Eai6N1eogOM
14,https://www.youtube.com/watch?v=GYpOapkr5MA
15,https://www.youtube.com/watch?v=68uUeZGppXw
16,https://www.youtube.com/watch?v=T1IfoWzWOyI
17,https://www.youtube.com/watch?v=yncoNo7tr2s
18,https://www.youtube.com/watch?v=5tOSm_KwHCo
19,https://www.youtube.com/watch?v=lbX_t9X9v9U
20,https://www.youtube.com/watch?v=JOh_aKkyW-w
21,https://www.youtube.com/watch?v=8-Jd5OoDhYo
22,https://www.youtube.com/watch?v=6wLwD1Tgm1M
23,https://www.youtube.com/watch?v=n5N361qoKlk
24,https://www.youtube.com/watch?v=xN7j9BYJuho
25,https://www.youtube.com/watch?v=rbHIDVVTSNA
26,https://www.youtube.com/watch?v=DE81yGg7vls
27,https://www.youtube.com/watch?v=TjP0UgI8CTg
28,https://www.youtube.com/watch?v=AOisu4yyuVY
29,https://www.youtube.com/watch?v=LaQj636PJh0
30,https://www.youtube.com/watch?v=FBiUmEUDe4I
31,https://www.youtube.com/watch?v=hNZNzmGdw3U
32,https://www.youtube.com/watch?v=12n1BqEG7UQ
33,https://www.youtube.com/watch?v=591IG9640h8
34,https://www.youtube.com/watch?v=7pyAXgLRu00
35,https://www.youtube.com/watch?v=box4SFtGvA0
36,https://www.youtube.com/watch?v=5Owx2RA7uWo
37,https://www.youtube.com/watch?v=I8VXI4og8u4
38,https://www.youtube.com/watch?v=atY2Z0J6zX8
39,https://www.youtube.com/watch?v=S2T0TmT-ipU
40,https://www.youtube.com/watch?v=4OKZ-IkQsHA
41,https://www.youtube.com/watch?v=18wEiM0rnfw
42,https://www.youtube.com/watch?v=rNswnWM0MAY
43,https://www.youtube.com/watch?v=CxhrSjHk-Vw
44,https://www.youtube.com/watch?v=oUoO3Ik8aIk
45,https://www.youtube.com/watch?v=wjIes1eGAw4
46,https://www.youtube.com/watch?v=LabTq1JcYuI
47,https://www.youtube.com/watch?v=8DqF4UvAiAA
48,https://www.youtube.com/watch?v=4gX_p1VkgA4
49,https://www.youtube.com/watch?v=_CTUs_2hq6Y
50,https://www.youtube.com/watch?v=cvUAzpn48xA
51,https://www.youtube.com/watch?v=GYpOapkr5MA
52,https://www.youtube.com/watch?v=ClzJkv3dpY8
53,https://www.youtube.com/watch?v=Eai6N1eogOM
54,https://www.youtube.com/watch?v=TjZsw1iaTvk
55,https://www.youtube.com/watch?v=1clLJR7BStI
56,https://www.youtube.com/watch?v=mphTMApR8iI
57,https://www.youtube.com/watch?v=IfKcXfFTyBs
58,https://www.youtube.com/watch?v=j3B4ZECWH2Q
59,https://www.youtube.com/watch?v=Go3B0U1uXc8
60,https://www.youtube.com/watch?v=mr16aEZ7f4U
61,https://www.youtube.com/watch?v=FcXzyRmhSK0
62,https://www.youtube.com/watch?v=Y9oZZzLr3BU
63,https://www.youtube.com/watch?v=V3ADK6gsDGg
64,https://www.youtube.com/watch?v=2N0ShfOOEq4
65,https://www.youtube.com/watch?v=oH6AoBxE8QY
66,https://www.youtube.com/watch?v=WBICz4fv-Hc
67,https://www.youtube.com/watch?v=E3b62-R7GzI
68,https://www.youtube.com/watch?v=YswhrtkAWDI
69,https://www.youtube.com/watch?v=FkEP7hP6ALg
70,https://www.youtube.com/watch?v=J4Q5QaeGqiE
71,https://www.youtube.com/watch?v=9uIk_91GQYI
72,https://www.youtube.com/watch?v=xNV38nq1fqc
73,https://www.youtube.com/watch?v=3Wf29RiKp70
74,https://www.youtube.com/watch?v=X0vK_57vQ7s
75,https://www.youtube.com/watch?v=hHW1oY26kxQ
76,https://www.youtube.com/watch?v=WPni755-Krg
77,https://www.youtube.com/watch?v=pxYSRKYfzVY
78,https://www.youtube.com/watch?v=iloh1SUe42g
79,https://www.youtube.com/watch?v=ZIJCBWBTsKE
80,https://www.youtube.com/watch?v=NliYy7iqh-U
81,https://www.youtube.com/watch?v=Dg0IjOzopYU
82,https://www.youtube.com/watch?v=0VR3dfZf9Yg
83,https://www.youtube.com/watch?v=Pkh8UtuejGw
84,https://www.youtube.com/watch?v=p7bfOZek9t4
85,https://www.youtube.com/watch?v=77ZozI0rw7w
86,https://www.youtube.com/watch?v=WsZaK0oVOxk
87,https://www.youtube.com/watch?v=2jBEms5IvSI
88,https://www.youtube.com/watch?v=BQ0mxQXmLsk
89,https://www.youtube.com/watch?v=yCp30ld8hVs
90,https://www.youtube.com/watch?v=wjIes1eGAw4
91,https://www.youtube.com/watch?v=8DqF4UvAiAA
92,https://www.youtube.com/watch?v=4gX_p1VkgA4
93,https://www.youtube.com/watch?v=_CTUs_2hq6Y
94,https://www.youtube.com/watch?v=cvUAzpn48xA
95,https://www.youtube.com/watch?v=Nk3IepJcNmg
96,https://www.youtube.com/watch?v=GYpOapkr5MA
97,https://www.youtube.com/watch?v=Eai6N1eogOM
98,https://www.youtube.com/watch?v=1clLJR7BStI
99,https://www.youtube.com/watch?v=mphTMApR8iI
100,https://www.youtube.com/watch?v=TjZsw1iaTvk
